{
	"class_name" : "PinholeCameraParameters",
	"extrinsic" : 
	[
		0.69562279104129277,
		-0.16126309725008905,
		0.70007367187263259,
		0.0,
		-0.717485921084002,
		-0.10661240556094963,
		0.68836599859867365,
		0.0,
		-0.036371494747444277,
		-0.98113608049333101,
		-0.18986602098327313,
		0.0,
		0.0032069654600095625,
		0.08653257218225277,
		1.1079361352134205,
		1.0
	],
	"intrinsic" : 
	{
		"height" : 1016,
		"intrinsic_matrix" : 
		[
			879.88181024498977,
			0.0,
			0.0,
			0.0,
			879.88181024498977,
			0.0,
			923.5,
			507.5,
			1.0
		],
		"width" : 1848
	},
	"version_major" : 1,
	"version_minor" : 0
}